candidate,context
toyota,"stat toyota ics, stat toyota ics.show"
toyota,show you a stat toyota ic to prove it!so
toyota,in probablility and stat toyota ics could shoot so
toyota,goes with those stat toyota ics.
toyota,not quoting rollover stat toyota ics when they're cutting
toyota,"look at their stat toyota ics, not all 4-cylinders."
toyota,gospel. it's not stat toyota ically sound. but neither
toyota,car based on stat toyota ics. i do it
toyota,this winter. your stat toyota ics won'tell you if
toyota,car based on stat toyota ics. i do it
toyota,this winter. your stat toyota ics won'tell you if
toyota,something other than stat toyota ics and logic is
toyota,....never toyota d stat toyota ics would tell you
toyota,respect to reliability. stat toyota ics are one thing
toyota,"part of those stat toyota ics, reality bites. repeat"
toyota,driving feel and stat toyota ic. lack the low
toyota,only thing.i believe stat toyota ics tell a portion
toyota,"dozen audis is, stat toyota ically, probably not significant,"
toyota,damn lies and stat toyota ics. you get to
toyota,be the perfect stat toyota ic honda ing to
toyota,"option) are virtually stat toyota ically insignificant. i, for"
toyota,doesn't make a stat toyota ic. but i suspect
