candidate,type,brand,attribute_category,confidence,reasoning
tl,brand,acura,,high,"TL is a well-known Acura model, referenced here alongside other entry luxury cars like BMW and Lexus."
cts,brand,cadillac,,high,"CTS is a Cadillac model, referenced here as 'cts-v' in context of Cadillac's lineup."
3 series,brand,bmw,,high,"3 series is BMW's compact executive car model line, referenced here in comparison to the CTS-V and directly called 'bmw' in one excerpt."
price,attribute,,price/value,high,"The excerpts discuss cost comparisons and value-for-money, clearly indicating price/value as a product attribute."
performance,attribute,,performance/powertrain,high,The term refers to vehicle acceleration/power capability rather than any single brand.
fact,other,,,high,"The term is used in generic phrases like 'as a matter of fact', not referring to a brand or product attribute."
anyone,other,,,high,"It is a generic indefinite pronoun used in rhetorical questions, not tied to any brand or attribute."
others,other,,,high,"This is a generic pronoun referring to other people/things, not a brand or attribute reference."
course,other,,,high,"The term appears in phrases like 'of course' and 'track course', which are generic discourse/expressions, not brand or attribute references."
class,attribute,,segment/positioning,medium,"The term is used generically without visible surrounding context clearly tying it to segment positioning discussion, but it typically refers to vehicle class/segment in these forums."
problem,attribute,,reliability/quality,high,"In context, 'problem' refers to reliability/QC issues like electrical problems with BMW vehicles."
is350,brand,lexus,,high,IS350 is a specific Lexus model/trim referenced throughout the excerpts.
awd,attribute,,drivetrain configuration (awd/rwd/fwd),high,"AWD refers to all-wheel drive, a drivetrain configuration feature discussed across brands like Acura's SH-AWD system."
interior,attribute,,interior/comfort,high,"The term refers to the vehicle's cabin/interior features and comfort, a generic product attribute."
luxury,attribute,,segment/positioning,high,"The term refers to the entry-level luxury market segment and luxury trim packages, not a specific brand."
v6,attribute,,performance/powertrain,high,"V6 refers to an engine configuration, a performance/powertrain attribute not tied to a single brand."
ellps,brand,acura,,medium,"Context of TL discussion and luxury sport sedan comparisons suggests 'ellps' is likely an acronym/slang for entry-level luxury performance sedan, used interchangeably with Acura TL discussion in this thread."
segment,attribute,,segment/positioning,high,"The term refers to a market category or class of vehicles (e.g., entry-level luxury performance segment) rather than a specific brand or other attribute."
330i,brand,bmw,,high,"330i is a BMW 3-series model designation, referenced here alongside e90 chassis code confirming the brand."
manual,attribute,,performance/powertrain,high,"Refers to a manual transmission, a powertrain feature, in the context of the CTS-V's 6-speed manual tranny."
msrp,attribute,,price/value,high,"MSRP refers to manufacturer's suggested retail price, a pricing/value attribute not tied to a single brand."
30k,attribute,,price/value,medium,In these excerpts '30k' refers to dollar amounts or mileage figures tied to cost/maintenance value discussions rather than a specific brand.
wife,other,,,high,"The term refers to a person (spouse) mentioned in forum anecdotes, not a brand or product attribute."
difference,other,,,high,"Generic word used in ordinary discourse, not tied to a specific brand or product attribute category."
:p,other,,,high,"This is an emoticon/artifact from 'p.s.' text, not related to any brand or attribute."
engine,attribute,,performance/powertrain,high,"The term refers to the engine specifications (displacement, horsepower, torque) as a performance attribute of the vehicles discussed."
leather,attribute,,interior/comfort,high,"Refers to leather-trimmed interior upholstery, a comfort/interior feature not tied to a specific brand."
these  car,other,,,high,"This is a generic phrase ('these cars') referring back to cars in general discussion, not tied to a specific brand or attribute."
forum,other,,,high,"The term refers to the discussion board itself, a generic meta-reference rather than a brand or product attribute."
road,other,,,high,"Used in the generic phrase 'down the road' referring to time, not a car feature or brand."
dealer,other,,,high,"Refers to a car dealership/sales entity, not a brand or product attribute."
40k,attribute,,price/value,medium,"In context, '40k' refers to income/price figures being discussed relative to affordability and value of cars."
5 series,brand,bmw,,high,"The '5 series' is a well-known BMW model line, referenced here alongside '3 series' as BMW vehicles."
tires,attribute,,handling/ride,high,"The excerpts discuss tires in relation to ride quality, handling, and unsprung weight, all tied to the handling/ride attribute."
everyone,other,,,high,"It is a generic pronoun referring to people in general, not tied to any brand or attribute."
reason,other,,,high,"The word 'reason' is a generic discourse term meaning cause or explanation, not tied to any brand or attribute."
e90,brand,bmw,,high,"E90 is the chassis code for the BMW 3 Series (e.g., 330i), referenced explicitly alongside e46 and 330i in the text."
cost,attribute,,price/value,medium,"The term relates to discussion of income, buying power, and car pricing, aligning with price/value considerations."
discussion,other,,,high,"It is a generic forum discourse term referring to the conversation itself, not tied to any brand or attribute."
handling,attribute,,handling/ride,high,"The term refers to how a car handles on the road, a performance/ride attribute discussed across multiple brands."
seat,attribute,,interior/comfort,medium,"Given context of interior features like leather-trimmed seats, 'seat' refers to a car interior/comfort feature rather than a brand name (note: SEAT the Spanish brand is not among the listed options)."
myself,other,,,high,"It is simply a reflexive pronoun used in generic forum discourse, not referring to any brand or attribute."
europe,other,,,high,"It's a geographic place reference, not tied to a specific brand or product attribute."
rwd,attribute,,drivetrain configuration (awd/rwd/fwd),high,"RWD refers to rear-wheel drive, a drivetrain configuration being contrasted with AWD in these excerpts."
e46,brand,bmw,,high,"E46 is the chassis code for the BMW 3 Series, used here as a reference to that specific BMW model."
weight,attribute,,performance/powertrain,high,"The term refers to vehicle mass affecting handling and performance, a general attribute not tied to a specific brand."
opinion,other,,,high,"The term 'opinion' is generic forum discourse referring to a personal viewpoint, not a brand or product attribute."
quality,attribute,,reliability/quality,high,"The term refers to build/drive quality as a general product attribute, not a specific brand."
fwd,attribute,,drivetrain configuration (awd/rwd/fwd),high,"The term refers to front-wheel drive, a drivetrain configuration discussed alongside awd and rwd."
warranty,attribute,,reliability/quality,high,"Warranty discussion here relates to reliability/maintenance costs and quality assurance concerns, not a specific brand or unrelated topic."
couple,other,,,high,"Used as a generic quantifier ('a couple days') in casual forum discourse, unrelated to any brand or product attribute."
size,attribute,,styling/body type,medium,"The term refers to vehicle dimensions (mid-size, full-size, physical size) which relates to body type/segment characteristics rather than a specific brand."
reliability,attribute,,reliability/quality,high,The term directly refers to the reliability/quality of vehicles being discussed across brands.
value,attribute,,price/value,high,"The term is used to discuss cost, worth, and economic value of vehicles/housing rather than referring to a specific brand."
market,attribute,,segment/positioning,medium,"Refers to the marketplace/segment context in which cars compete (e.g., 'entry lux car on the market'), reflecting positioning rather than a specific brand."
ford,brand,ford,,high,"The term directly refers to the Ford car brand, though it's not in the given options list, it clearly functions as a brand reference in context."
thanks,other,,,high,"It is a generic conversational courtesy word, not related to any brand or attribute."
mine,other,,,high,"It is a possessive pronoun referring back to the speaker, not a brand or attribute reference."
regards,other,,,high,"It's a generic sign-off phrase used to close forum messages, not related to any car brand or attribute."
sedan,attribute,,styling/body type,high,"Sedan refers to a body style/segment type (e.g., 'luxury performance sedan') not tied to a specific brand."
mb,brand,mercedes-benz,,high,"""mb"" is a common abbreviation for Mercedes-Benz, explicitly confirmed in one excerpt with the full name in parentheses."
post,other,,,high,"Refers to a forum message/post, generic forum discourse term unrelated to car attributes or brands."
lease,attribute,,price/value,high,"Lease refers to a financing/payment arrangement tied to cost/value of the vehicle, not a specific brand."
is250,brand,lexus,,high,IS250 is a specific Lexus model referenced throughout the excerpts.
caddy,brand,cadillac,,high,"""Caddy"" is slang for Cadillac, as confirmed by the context referencing cadillac and cts-v."
fun,other,,,high,"Used as generic forum discourse referring to joking around or enjoyment, not a specific product attribute or brand."
experience,other,,,high,The term is used generically to refer to personal anecdotes/opinions rather than a brand or specific product attribute.
buick,brand,gm,,high,Buick is a GM brand referenced directly and via the Lucerne model in these excerpts.
rest,other,,,high,The word 'rest' is used generically to mean 'the remainder' and is not a brand or attribute term.
saab,brand,gm,,high,"Saab was owned by GM during this era and is referenced as a distinct car brand (e.g., Saab 9-3), best mapped to GM among the given options."
10k,attribute,,price/value,high,"""10k"" refers to a dollar amount ($10,000), used to discuss price/value comparisons like being over budget or short on funds."
50k,attribute,,price/value,high,"""50k"" refers to a price point (dollars) being discussed in context of vehicle cost."
options,attribute,,technology/features,high,"Refers to optional equipment/features and packages added to a vehicle's configuration, affecting price and content."
terms,other,,,high,"The word 'terms' is generic forum discourse language (e.g., 'in terms of', 'relative terms') not tied to any brand or product attribute."
none,other,,,high,"The word 'none' is a generic negative quantifier/pronoun, not tied to any brand or attribute."
example,other,,,high,"The word 'example' is generic forum discourse used to introduce an illustrative point, not a brand or attribute itself."
mind,other,,,high,"Used in common phrases like 'keep in mind' and 'change your mind', which are generic idiomatic expressions unrelated to a brand or attribute."
v8,attribute,,performance/powertrain,high,"V8 refers to an engine configuration, a powertrain attribute not tied to a single brand."
sales,other,,,medium,The term 'sales' here appears as generic forum discourse without clear context tying it to a specific brand or product attribute category.
issue,attribute,,reliability/quality,medium,"In context 'issue' refers to problems/reliability concerns (RFT issue, trouble-free) rather than a brand or generic discourse."
choice,other,,,high,"The word 'choice' is generic forum discourse referring to a decision or option, not a specific brand or product attribute."
question,other,,,high,"The word 'question' is generic forum discourse referring to a query, not tied to any brand or product attribute."
features,attribute,,technology/features,high,"The term refers generically to car equipment/technology offerings like navigation systems and options, not a specific brand."
sport package,attribute,,performance/powertrain,medium,"Refers to a trim option bundling suspension, styling, and performance features rather than a specific brand."
most people,other,,,high,"It is a generic pronoun-like phrase referring to people in general, not tied to a brand or product attribute."
s4,brand,audi,,high,S4 is a specific Audi model being compared to BMW's 3-series/335 in the excerpts.
hyundai,other,,,high,"Hyundai itself is not among the listed brand options and is used here as a generic non-luxury brand example, not mapping to any target brand."
new cts,brand,cadillac,,high,"CTS is a Cadillac model, referring here to the redesigned Cadillac CTS."
track,attribute,,performance/powertrain,high,"The term refers to a racetrack context used to discuss handling and performance of vehicles, not a specific brand."
lack,other,,,high,"The word 'lack' is a generic term used to express absence of something (e.g., 'lack of Ford', 'interiors lack art'), not a brand or specific attribute category itself."
numbers,attribute,,performance/powertrain,medium,In these contexts 'numbers' refers to performance stats (70-0 braking) or price/MSRP figures rather than a specific brand.
porsche,other,,,high,"Porsche is a car brand itself but not among the listed brand options, so it is classified as other."
test,other,,,high,"Refers to 'test driven' as generic forum discourse, not tied to a specific brand or attribute category."
lots,other,,,high,"The word 'lots' is a generic quantifier used in casual discourse, not tied to any brand or specific attribute."
35k,attribute,,price/value,high,"""35k"" refers to a price point/budget being discussed in the context of car shopping."
confuse,other,,,high,"The term is used as an emoticon/expression of confusion, part of generic forum discourse rather than a brand or attribute reference."
torque,attribute,,performance/powertrain,high,"Torque refers to engine power output, a performance/powertrain attribute being discussed in context of 'Detroit torque'."
manual transmission,attribute,,performance/powertrain,high,"The term refers to a drivetrain/transmission feature discussed across multiple brands, not tied to a specific manufacturer."
comparison,other,,,high,"The term 'comparison' is a generic discourse word describing the act of comparing vehicles, not a specific brand or attribute itself."
edmunds,other,,,high,"Edmunds.com is a car review/news website, not a brand or attribute itself."
itself,other,,,high,It functions here purely as a reflexive pronoun with no brand or attribute meaning.
chevrolet,brand,gm,,high,Chevrolet is a brand/division of General Motors used here as a car brand reference.
back seat,attribute,,interior/comfort,high,"The term refers to the rear seating area of a vehicle, a physical interior/comfort feature not tied to a specific brand."
gas,attribute,,fuel economy,high,"The term refers to filling the tank with fuel, directly relating to fuel economy/consumption discussion."
board,other,,,high,"Here 'board' refers to an internet forum/message board, a generic discourse term unrelated to any brand or attribute."
drive,attribute,,handling/ride,medium,In context 'a quality drive with the detroit torque' refers to the driving experience/ride quality of the vehicle.
hp,attribute,,performance/powertrain,high,"In these excerpts 'hp' refers to horsepower, a performance/powertrain attribute (e.g., '227 bhp'), and one instance is ambiguous but the dominant usage is horsepower."
brakes,attribute,,reliability/quality,high,"The term refers to a mechanical component whose grinding is cited as evidence of reliability/quality issues, not a brand reference."
other  car,other,,,high,"This is a generic phrase ('other car(s)') used as filler discourse, not a reference to a specific brand or attribute."
driver,other,,,high,"Refers to ""daily driver"" as a generic term for a car used for daily commuting, not a brand or specific attribute category."
order,other,,,high,"The word 'order' is used in generic phrases like 'in order to', 'in that order', and 'ordered' the car, not referring to a brand or attribute."
ed,attribute,,price/value,high,"""ED"" refers to European Delivery, a BMW purchase program that saves money, used here in price/value discussions."
japan,other,,,high,"Refers to the country Japan, a geographic reference rather than a brand or attribute."
plenty,other,,,high,"The word functions as a generic quantifier (""plenty of"", ""plenty fast"") rather than referring to a specific brand or attribute category."
new car,other,,,high,"Generic term referring to purchasing a new vehicle, not tied to any specific brand or product attribute category."
sport,attribute,,handling/ride,high,"The term refers to the sport suspension/package trim feature affecting handling and price, not a specific brand."
line,other,,,high,"Used in generic phrases like 'out of line' and 'straight-line', not referring to a brand or specific product attribute category."
any car,other,,,high,"It's a generic, non-brand-specific reference used as a broad pronoun-like term rather than naming a specific attribute or brand."
bimmer,brand,bmw,,high,"""Bimmer"" is common slang referring to BMW vehicles, as confirmed by the context of ""bimmer owners"" discussing BMW electronics."
dealership,other,,,high,"The term refers generically to a car sales location/business, not tied to a specific brand or product attribute."
snow,attribute,,performance/powertrain,medium,"Snow refers to driving performance/handling in winter conditions, relating to tires and drivetrain capability rather than a specific brand."
brand,attribute,,segment/positioning,high,"The term 'brand' here refers generically to the concept of luxury/entry-lux positioning, not a specific automaker."
coupe,attribute,,styling/body type,high,"Coupe refers to a body style/configuration being compared to other car types, not tied to a single brand."
ride,other,,,medium,"Used as generic slang for 'car/vehicle' (e.g., 'give me a ride', 'enjoy my ride') rather than referring to a specific brand or the handling/ride-quality attribute."
competition,attribute,,segment/positioning,medium,"The term refers generically to rival brands/models in the market rather than a specific brand, reflecting competitive positioning within a segment."
nobody,other,,,high,"It is a generic pronoun used in casual discourse, not tied to any brand or product attribute."
category,attribute,,segment/positioning,high,The term refers to classifying vehicles into market segments like 'entry level luxury performance sedan category'.
whatever,other,,,high,"It is used as a generic discourse filler/interjection, not referring to any brand or product attribute."
front,attribute,,handling/ride,medium,The term refers to the front end of the car in the context of weight distribution and handling discussion.
option,attribute,,technology/features,high,"The term refers to add-on features/packages that affect price and configuration of vehicles, not tied to a specific brand."
kind,other,,,high,"The word 'kind' is used generically in phrases like 'that kind of dough' or 'kind of like', functioning as generic discourse rather than a brand or attribute reference."
matter,other,,,high,"Used in idiomatic phrases like 'a matter of' and 'no matter how,' functioning as generic discourse rather than a car-related term."
you guys,other,,,high,"It is a generic pronoun referring to forum participants, not tied to any brand or attribute."
posts,other,,,high,"The term refers generically to forum messages themselves, not a brand or product attribute."
subaru,other,,,low,"The term 'subaru' does not appear meaningfully in the provided excerpts, making it impossible to classify its usage confidently."
15k,attribute,,price/value,high,"15k refers to mileage/cost figures used in discussing lease terms and price savings, both value-related contexts."
yourself,other,,,high,"It is a generic reflexive pronoun used in forum discourse, not referring to a brand or product attribute."
decision,other,,,high,The term refers generically to the act of choosing/purchasing rather than a brand or specific product attribute.
idea,other,,,high,"The word 'idea' is generic forum discourse language, not referring to a brand or product attribute."
325i,brand,bmw,,high,"325i is a BMW 3-series model designation, referenced alongside chassis codes e90/e46 in the sales report."
acceleration,attribute,,performance/powertrain,high,"The term refers to a car's acceleration performance, a powertrain-related attribute not tied to a single brand."
wheels,attribute,,drivetrain configuration (awd/rwd/fwd),high,The term appears in context of '4 wheels powering my car' discussing AWD vs RWD grip and drivetrain configuration.
folks,other,,,high,"Generic term referring to people, unrelated to any brand or product attribute."
surprise,other,,,high,"Used here as an emoticon/expression (:surprise:) reflecting reaction in conversation, not a brand or product attribute."
highway,other,,,high,"The term refers to a road/driving context, not a brand or product attribute."
nav,attribute,,technology/features,high,"""Nav"" refers to navigation system, a technology/feature option discussed across multiple brands."
stick,attribute,,drivetrain configuration (awd/rwd/fwd),medium,"In the last excerpt 'stick' refers to a manual transmission (6-speed stick), a drivetrain-related feature, though other instances use 'stick in' as unrelated idiom."
comments,other,,,high,"It refers generically to remarks or posts made by forum users, not a brand or product attribute."
friend,other,,,high,"The word refers to a person in the forum poster's social circle, not a brand or attribute."
dealers,other,,,high,"The term refers generically to car dealerships/sales channels in a pricing discussion, not a brand or product attribute."
20k,attribute,,price/value,high,"20k refers to a dollar price point ($20,000) used to compare vehicle cost/value across brands."
sense,other,,,high,"The word 'sense' here is used generically (e.g., 'makes sense', 'sense of good taste') and is not a brand or product attribute reference."
thread,other,,,high,"Refers to the forum discussion itself, a generic discourse term unrelated to car brands or attributes."
great car,other,,,high,"This is a generic evaluative phrase expressing overall opinion, not tied to a specific brand or attribute category."
suspension,attribute,,handling/ride,high,"The term refers to the sport suspension package, a handling/ride feature discussed in relation to pricing across brands."
base,attribute,,segment/positioning,high,"Refers to 'base' trim level as opposed to top trim, indicating product positioning/segment within a model lineup."
premium,attribute,,segment/positioning,high,The term refers to a premium trim package or premium car positioning rather than a specific brand or single feature.
other hand,other,,,high,"This is a generic discourse phrase ('on the other hand') used for contrast, not related to any brand or attribute."
type,brand,lexus,,high,"""x-type"" and ""type-s"" refer to Jaguar/Acura models, but given context with 'x-type' (Jaguar) appearing, though brand list lacks Jaguar; 'type-s' refers to Acura TL Type-S trim which matches the list."
transmission,attribute,,performance/powertrain,high,Refers to the manual transmission seal as part of the vehicle's powertrain/mechanical component.
germany,other,,,high,"Germany is used as a geographic/place reference (Nurburgring location, country of manufacture) rather than denoting a specific brand or attribute."
x3,brand,bmw,,high,X3 is a BMW SUV model referenced explicitly in the context of BMW discussion.
maintenance,attribute,,reliability/quality,high,"The term refers to upkeep costs and service needs, tied to reliability/quality discussions rather than a specific brand."
e30,brand,bmw,,high,"E30 is the chassis code for the BMW 3 Series (1982-1994), referenced alongside other BMW chassis codes like e9x."
1 series,brand,bmw,,high,"The 1 Series is a BMW model line, referenced here as a small/entry-level BMW car."
prices,attribute,,price/value,high,"The term refers to cost/value of homes and cars, a general price/value attribute not tied to a specific brand."
300hp,attribute,,performance/powertrain,high,"The term refers to horsepower output, a performance/powertrain attribute discussed across multiple brands."
service,attribute,,reliability/quality,high,"The term refers to dealership service/repair experiences tied to reliability and quality perceptions, not a specific brand name."
530i,brand,bmw,,high,"530i is a BMW 5-series model designation, explicitly referenced as a BMW in the excerpt."
article,other,,,high,"The term refers to a written piece/reference material, not a brand or product attribute."
facts,other,,,high,"The term is generic forum discourse referring to factual claims/information, not tied to a brand or product attribute."
dodge,other,,,low,"The context 'the dodge, you've got to be kidding me' is too ambiguous to confidently identify as a brand reference versus the verb 'dodge' or an unrelated remark."
mileage,attribute,,fuel economy,medium,"In the context of lease terms and allowances, mileage refers to a fuel economy/usage-related attribute of the vehicle."
one thing,other,,,high,"This is a generic discourse phrase used to introduce a point, not tied to any brand or attribute."
depreciation,attribute,,price/value,high,"Depreciation refers to the loss in resale value of a vehicle, directly tied to price/value considerations in the leasing vs buying discussion."
45k,attribute,,price/value,high,"45k refers to a dollar price figure being discussed for various cars, indicating price/value attribute."
blush,other,,,high,"Used as an emoticon/expression (:blush:) conveying embarrassment, not related to any brand or product attribute."
thousands,attribute,,price/value,high,"The term refers to a dollar amount difference in price between cars, tying it to price/value discussion."
no one,other,,,high,"It is a generic pronoun phrase, not a brand or attribute reference."
opinions,other,,,high,"Generic forum discourse term referring to personal viewpoints, not tied to any brand or product attribute."
reasons,other,,,high,"""Reasons"" is a generic discourse word not tied to any specific brand or product attribute category."
repairs,attribute,,reliability/quality,high,"The term refers to maintenance and repair costs/quality, a general reliability attribute not tied to one brand."
ls,brand,lexus,,high,"LS is Lexus's flagship model, as seen in the 'lexus ls' mention and the fullsize luxury sedan list alongside other brand names."
statement,other,,,high,"The word refers generically to something someone said in the discussion, not a brand or product attribute."
luxury car,attribute,,segment/positioning,high,The term refers generically to the luxury market segment/positioning rather than any specific brand.
guy,other,,,high,"The term is used generically to refer to a person, not as a brand or product attribute reference."
steering,attribute,,handling/ride,high,"Steering refers to a vehicle's handling/driving feel component, not tied to a specific brand."
majority,other,,,high,"The term is a generic quantifier referring to 'most people/drivers', not a brand or product attribute."
topic,other,,,high,"The word refers generically to the subject of forum discussion, not a brand or product attribute."
styling,attribute,,styling/body type,high,"The term refers to the design/appearance of vehicles, a general product attribute discussed across brands."
friends,other,,,high,"The term refers to personal acquaintances mentioned anecdotally, not a brand or product attribute."
manuals,attribute,,drivetrain configuration (awd/rwd/fwd),medium,"The term refers to manual transmission vehicles, a powertrain/drivetrain feature discussed across multiple brands rather than tied to one."
style,attribute,,styling/body type,high,"The term refers to the visual design/appearance of vehicles, matching the styling/body type attribute category."
kids,other,,,high,"The term refers to children or is used colloquially, not to a car brand or product attribute."
bunch,other,,,high,"The word 'bunch' is a generic quantifier/filler term used in forum discourse, not referring to a brand or product attribute."
stuff,other,,,high,"Used as a generic filler word referring to unspecified things, not tied to any brand or attribute."
purchase,other,,,high,"The term refers generically to the act of buying a car, not a specific brand or attribute."
garage,other,,,high,"Refers to a physical structure/location for parking cars, not a brand or product attribute."
logic,other,,,high,"The term refers to reasoning/argumentation in the discussion, not a brand or product attribute."
instance,other,,,high,"The word 'instance' is used generically as in 'for instance', a common discourse marker unrelated to any brand or attribute."
parts,attribute,,reliability/quality,medium,"The term relates to repair/maintenance costs and component quality, tied to reliability/quality discussion rather than a specific brand."
resale,attribute,,price/value,high,"Refers to resale/depreciation value of a car, a price/value attribute not tied to a specific brand."
same thing,other,,,high,"This is a generic phrase used for comparison/agreement in discourse, not tied to any specific brand or product attribute."
ow,other,,,high,"It is used as a sign-off/initials of the poster, not a brand or attribute reference."
exterior,attribute,,styling/body type,high,"The term consistently refers to the outward appearance/design of vehicles, a styling attribute."
328xi,brand,bmw,,high,"328xi is a BMW 3 Series model designation (xDrive variant), used alongside 330i as BMW model references."
themselves,other,,,high,"It is a reflexive pronoun used generically, not tied to a brand or attribute."
911s,other,,,low,"911 refers to the Porsche model, which is not among the listed brand options, so it cannot be classified as one of them."
miles,attribute,,reliability/quality,high,The term refers to mileage/odometer readings in the context of discussing vehicle durability and reliability.
corners,attribute,,handling/ride,high,"The term refers to how a car performs while cornering, which relates to handling/ride quality."
owners,other,,,high,"The term refers generically to people who own cars, a generic forum discourse word rather than a brand reference or attribute."
future,other,,,high,"The term is used generically in the phrase 'living in the future' as part of forum discourse, not referring to a brand or specific product attribute."
2.0t,brand,audi,,high,"2.0t refers to the Audi A4/A6 2.0 turbo trim, consistently paired with Audi in the excerpts."
month,attribute,,price/value,medium,"Used in context of lease payments and repair frequency, both tied to cost/reliability discussions rather than a specific brand reference."
bit,other,,,high,"Used as a generic quantifier/adverb ('a bit over invoice', 'a bit leery'), not tied to any brand or attribute category."
shipo,other,,,high,"""shipo"" is a forum username/person's name signing off and being addressed, not a brand or attribute reference."
issues,attribute,,reliability/quality,high,"The term refers to mechanical/electrical problems, directly tied to reliability/quality discussions."
sports sedan,attribute,,segment/positioning,high,The term refers to a vehicle class/body type category rather than any specific brand.
hell,other,,,high,"It is used as a colloquial interjection/expletive, not referring to a brand or product attribute."
manufacturer,attribute,,segment/positioning,high,The term is used generically to discuss brand positioning and classification (luxury vs non-luxury) rather than referring to a specific car brand.
same time,other,,,high,"This is a generic temporal phrase, not related to any brand or product attribute."
bottom,other,,,high,"The term appears in phrases like 'bottom line' which is a generic discourse expression, not a brand or attribute reference."
100k,attribute,,reliability/quality,high,"100k refers to mileage (100,000 miles) in the context of depreciation and maintenance costs over time."
germans,brand,bmw,,medium,"""Germans"" refers collectively to German automakers, used in context primarily as a stand-in for BMW (and similar German luxury brands) being compared to Infiniti."
speed,attribute,,performance/powertrain,high,"In context ('6-speed stick', '6-speed manual tranny') it refers to transmission gearing, a performance/powertrain attribute."
gs,other,,,low,"The excerpts show no clear context for 'gs' (likely a typo or fragment, not a discernible Lexus GS reference or attribute)."
test drive,other,,,high,"It refers to the generic act of test driving a vehicle, not a brand or specific attribute."
room,other,,,high,"The term is used generically in phrases like 'show room' and 'hotel room', not referring to a brand or product attribute."
looks,attribute,,styling/body type,high,The term refers to the visual appearance/styling of vehicles being discussed.
335xi,brand,bmw,,high,335xi is a specific BMW 3-series model/trim designation (AWD variant of the 335).
no way,other,,,high,"It is a generic idiomatic phrase expressing emphasis or disbelief, not tied to any brand or product attribute."
eyes,other,,,high,The word 'eyes' is used literally in idioms like 'deceive me' rather than referring to a brand or attribute.
space,attribute,,interior/comfort,medium,"Most instances refer to physical space (trunk space, seating space), which relates to interior/comfort, though one instance ('luxury space') refers to segment/positioning."
sort,other,,,high,"The word 'sort' here is generic discourse usage ('sort of thing', 'any sort of verve'), not a brand or attribute reference."
apples,other,,,high,"The term is part of the idiom 'apples to apples/oranges' used as generic forum discourse about comparison validity, not a product attribute or brand."
2008 cts,brand,cadillac,,high,"CTS is a Cadillac model, referenced here as the upcoming 2008 model year vehicle."
wheel,attribute,,drivetrain configuration (awd/rwd/fwd),high,"The term appears in contexts like ""4 wheels powering my car"" and ""all wheel drive"" discussing drivetrain configuration."
sts,brand,cadillac,,high,"STS refers to the Cadillac STS sedan, as evidenced by context mentioning Cadillac CTS and STS models."
addition,other,,,high,"The word appears in the generic phrase 'in addition to' as a common discourse connector, not referencing any brand or attribute."
chance,other,,,high,"The word 'chance' here means taking a risk/probability, not a brand or product attribute reference."
sunroof,attribute,,technology/features,high,"Sunroof is a car feature/option discussed across multiple brands, not tied to one specific brand."
badge,attribute,,segment/positioning,high,"Here 'badge' refers to brand prestige/status symbol rather than a specific brand, functioning as a stand-in for perceived market positioning and image."
winter,attribute,,performance/powertrain,medium,"The term refers to winter tires/wheels and seasonal performance considerations, a product feature discussion not tied to a specific brand."
buyer,other,,,high,"The term refers generically to a car purchaser/consumer, not tied to a specific brand or product attribute."
area,other,,,high,"The word 'area' is used generically to mean region, subject/topic, or category, not a specific brand or product attribute."
new one,other,,,high,"""new one"" is a generic pronoun phrase referring back to a car mentioned elsewhere, not a brand or attribute itself."
past,other,,,high,"It is a generic word meaning 'beyond' in the phrase 'way past that', not brand or attribute specific."
deal,attribute,,price/value,high,The phrase 'did a great deal on the 330i' refers to getting a good price/value on the purchase.
factor,other,,,high,"The word 'factor' is generic discourse referring to a consideration in decision-making, not a brand or specific product attribute itself."
door,other,,,high,"The term appears only in the idiom 'out the door' referring to final purchase price, not describing a physical door feature or brand."
sports package,attribute,,performance/powertrain,medium,"Refers to an optional trim package (sport suspension, handling upgrades) affecting performance/handling rather than a specific brand identifier."
clutch,attribute,,performance/powertrain,high,"The excerpts reference clutch take-up and manual transmission behavior, which relates to powertrain/drivetrain performance."
25k,attribute,,price/value,high,"""25k"" refers to a price point (e.g., under $30k comment context) rather than a specific brand or model."
ya,other,,,high,"It's colloquial slang for 'you', a generic pronoun with no brand or attribute meaning."
wood,attribute,,interior/comfort,high,"Refers to wood trim/interior material discussed as an interior design feature, not tied to a single brand."
yours,other,,,high,"It is simply the possessive pronoun used in generic forum discourse, not referencing a brand or attribute."
bluetooth,attribute,,technology/features,high,"Bluetooth refers to a connectivity/technology feature discussed across multiple brands, not tied to one specific manufacturer."
only thing,other,,,high,"This is a generic English phrase used in conversational context, not referring to any brand or product attribute."
invoice,attribute,,price/value,high,"Invoice refers to dealer invoice pricing, a price/value concept discussed relative to MSRP across brands."
cr,other,,,high,"""CR"" here refers to Consumer Reports, a publication, not a brand or product attribute."
models,other,,,high,"Here ""models"" is a generic noun referring to car models in general, not tied to a specific brand or attribute category."
ownership,attribute,,reliability/quality,medium,"The term refers to the overall experience of owning a vehicle, discussed here in context of warranty coverage and reliability concerns."
interest,attribute,,price/value,high,"The term refers to loan interest rates in the context of financing a car purchase, relating to price/value considerations."
e36,brand,bmw,,high,"E36 is the chassis code for the BMW 3 Series produced in the 1990s, explicitly referenced alongside 'bmw' in the text."
reality,other,,,high,The word functions as generic discourse language expressing 'the truth of the matter' rather than referring to a brand or specific product attribute.
60k,attribute,,price/value,high,"60k refers to a dollar price range/income figure, indicating price/value context."
town,other,,,high,"""Town"" here refers to driving in an urban area, a generic place reference rather than a brand or product attribute."
cash,attribute,,price/value,high,"The term relates to cost comparisons between buying and leasing, tying it to price/value discussions."
rear,other,,,high,"Used in 'rear view mirror', a generic idiom not referring to a specific brand or product attribute category."
truth,other,,,high,"The word is generic forum discourse expressing agreement or veracity, not tied to a specific brand or product attribute."
