user,date,message,date_parsed,noun_chunks,regex_model_code
joe131,07-Mar," yeah, the  honda  and the bmw 3 are the same size. both little. ",2007-03-01,the  honda|the bmw|the same size,
habitat1,07-Feb,"   ""  kia hyundai please show me the devices you mention that are   ""  kia hyundai not so wasteful of electri honda   ""  kia hyundai . this sounds like nobel prize winning material, as new physical laws have been discovered!  ""  kia hyundai  agreed. and from the looks of it, we have a few more posters in need of remedial physics and chem toyota ry courses than are candidates for the nobel prize.  attempting to first split water into hydrogen and oxygen and then recombining them to produce energy is a significant net energy loss, as that first step is very energy inefficient. producing hydrogen from natural gas is more efficient, but requires the burning of fossil fuels. the company, h2gen, based in alexandrai virginia is one of the leaders in the development of hydrogen fuel cell technology. if anyone cares to learn a little more google their web site. ",2007-02-01,"me|the devices|you|that|""  kia hyundai|electri honda|kia hyundai|this|nobel prize|material|new physical laws|kia hyundai|the looks|it|we|a few more posters|need|remedial physics|chem|toyota|courses|candidates|the nobel prize|water|hydrogen|oxygen|them|energy|a significant net energy loss|that first step|hydrogen|natural gas|the burning|fossil fuels|the company|h2gen|alexandrai virginia|the leaders|the development|hydrogen fuel cell technology|anyone|a little more google their web site",
blueguydotcom,07-Mar, sorry. stressful weekend. my car is generating interest and i'm still not sure a  volkswagen  will be something i can live with daily. ,2007-03-01,stressful weekend|my car|interest|i|a  volkswagen|something|i,
louiswei,07-Mar," blue, good luck with the  volkswagen  if you decide to go that route. i am pretty sure it'll be a fun car to drive but the  acura ary  volkswagen  reliability...yuk.any chance that we'll see you in a bmw 130i couple years from now? ",2007-03-01,"blue, good luck|the  volkswagen|you|i|it|a fun car|the  acura ary  volkswagen  reliability|yuk.any chance|we|you|a bmw 130i",130i
cdnpinhead,07-Feb," you're right, in all states. i drove professionally in most of them, and orange signs are, just as you  toyota d, advisory.the regulatory ones are black on white. that's why the temporary construction speed limit signs (which everyone seems to ignore) are white.i too enjoy certain 270 degree on- dodge ps. it's fun to leave the hotshot who was tailgating at 70 a quarter mile behind as i take the  dodge p (posted 25) at 60. ",2007-02-01,you|all states|i|them|orange signs|you|advisory.the regulatory ones|that|the temporary construction speed limit signs|which|everyone|white.i|on-|it|the hotshot|who|i|the  dodge p,
habitat1,07-Mar,"   ""  kia hyundai sorry, but there is no subsantive reason to pay $10k more for a german luxury car vs a cadillac or lexus. german automakers have convinced americans that their vehicles are worth a hefty premium over other luxury  car  when there is nothing to back up this premium in terms of warranty, dealer service, reliability, performance, etc.  ""  kia hyundai  first, don't even think about putting cadillac and lexus in the same sentence as if they have something in common vs. german  car . nice attempt at association, but that's like me saying my  volkswagen  game has more in common with tiger woods' than phil mickelson's because i'm right handed. second, there is no   ""  kia hyundai substantive  ""  kia hyundai  reason in the world that anyone should pay any more than $25,000 for a cts. my 2004 acura tl 6-speed cost $32,400 new and is now worth (30,000 miles),  honda ing to edmunds, $24,600 on trade-in value. that's a total of $7,700 in depreciation. a 2004 cts with 30,000 miles is worth a measily $18,300 in trade in value and had an msrp of over $40,000 (without many features the tl had as standard equipment). if you add $7,700 in depreciation to the value of a cts, a new one should have cost $25,000 to be fairly priced against a tl. and that's assuming one can get past the butt ugly looks. :confuse: the reason cadillacs aren't worth crap as 3-4+ year old used  car  is .... well they really aren't worth a whole lot more than that new. it's just that some poor people actually think that by going cheap up front, they are saving money. my 12 year old nissan  nissan  with 155k miles is worth more than most gm's, including cadillacs, that are half it's age with half the mileage. and it looks and runs better. forget a bmw 3 series or 5 series, a three year old cts with 30,000 mile would have actually cost you as much or more in depreciation than a porsche 911s with msrp of well over twice as much. doesn't necessarily make me feel less guilty driving my 911s, just a boatload smarter. ",2007-03-01,"""  kia hyundai sorry|no subsantive reason|$10k|a german luxury car|a cadillac|lexus|german automakers|americans|their vehicles|other luxury  car|nothing|this premium|terms|warranty|dealer service|reliability|performance|cadillac|the same sentence|they|something|common vs. german  car|nice attempt|association|that|me|my  volkswagen  game|tiger woods|phil mickelson|i|no   ""  kia hyundai substantive  ""  kia hyundai  reason|the world|anyone|a cts|my 2004 acura|tl|edmunds|trade-in value|that|a total|depreciation|a 2004 cts|30,000 miles|trade|value|an msrp|many features|the tl|standard equipment|you|depreciation|the value|a cts|a new one|a tl|.|that|one|the butt ugly looks|confuse|the reason|cadillacs|worth crap|3-4+ year old used  car|they|that|it|some poor people|front|they|money|my 12 year old nissan  nissan|155k miles|most gm|cadillacs|that|half|it|age|half the mileage|it|a bmw 3 series|5 series|a three year old cts|30,000 mile|you|depreciation|a porsche|msrp|me|my 911s",10k | 155k | 3 series | 5 series | 911s | 911s
pat,06-Nov," usually, the term   ""  kia hyundai luxury brand  ""  kia hyundai  refers to a brand that produces vehicles in the 7-series,    mercedes-benz benz mercedes-benz benz mercedes-benz benz mercedes-benz benz  mercedes-benz benz mercedes-benz benz mercedes-benz benz mercedes-benz benz  ,  audi , etc. class. and we're talking about younger brothers of those kind of parents in this discussion.but i'm willing to be overruled on this if the majority of you agree. from what i've seen in the last few days, most of you don't think the  lincoln  belongs here, even if it is for a different reason. ",2006-11-01,"the term|""  kia hyundai luxury brand|kia hyundai|a brand|that|vehicles|the 7-series,    mercedes-benz benz mercedes-benz benz mercedes-benz benz mercedes-benz benz  mercedes-benz benz mercedes-benz benz mercedes-benz benz mercedes-benz benz|audi|. class|we|younger brothers|those kind|parents|this|i|this|the majority|you|what|i|the last few days|you|the  lincoln|it|a different reason",
brightness04,07-Apr," i don't know many soccer moms revving their engines and drop clutch for a launch, in order to get 0-60 anywhere close to the published numbers. 0-60 off the line however is important to some boy racers. ",2007-04-01,i|many soccer moms|their engines|clutch|a launch|order|the published numbers|the line|some boy racers,
habitat1,07-Jan," you are comparing apples and oranges. i own a 2004 tl 6-speed w/ 23k miles. last time in for service, i got a test drive of the tl-s automatic (no 6-speed available). the tl-s automatic is not as quick as my tl 6-speed. it didn't feel quite as flat in corners or nimble in handling, but the difference was nominal. i don't know if, on the tl-s, they have a firmer   ""  kia hyundai sport  ""  kia hyundai  suspension on the 6-speed - they did on my 2004, along with brembo brakes.all of that  toyota d, the tl and tl-s are extremely nice, well balanced, sporty family  sedan . i would heartily recommend one to friends looking for that blend of sport, luxury, features and value.but comparing a fwd tl-s to a  bmw , which is a true high performance rwd sport sedan is not a fair comparison. certainly, if the added performance of the  bmw  is not of value to you, then the extra $10k is a waste of money. but there is a difference between a well balanced, sporty family sedan and a serious sports sedan. the tl/tl-s is the former and the  bmw  is the latter. ",2007-01-01,"you|apples|oranges|i|a 2004 tl 6-speed w/ 23k miles|service|i|a test drive|the tl-s|the tl-s|my tl 6-speed|it|corners|handling|the difference|i|the tl-s|they|a firmer   ""  kia hyundai sport  ""  kia hyundai  suspension|the 6-speed|they|brembo|that  toyota d|the tl|tl|-|s|well balanced, sporty family  sedan|i|friends|that blend|sport|luxury|features|value.but|a fwd|tl|-|s|a  bmw|which|a true high performance rwd sport sedan|a fair comparison|the added performance|the  bmw|value|you|the extra $10k|a waste|money|a difference|a well balanced, sporty family sedan|a serious sports sedan|the tl|tl|-|the  bmw",23k | 10k
circlew,07-Mar," i would rather work hard to get a decent/good discount on a great car, than get a great discount on a (imo) ugly, lower quality car.agree 100%. say the cts is $38k out the door. let's go with a  bmw  sedan at $44,000. i think the $6k is not only justified for the return but since you can get the bimmer for a lot less on ed, the difference would be halved and the return is golden at that point in comparison to the class of vehicle you get for the added $. but i can never see someone cross-shopping bmw vs. caddy! how odd! since this rarely happens anyway, the point is moot. more likely cts vs.  lincoln .regards,ow ",2007-03-01,"i|a decent/good discount|a great car|a great discount|a (imo) ugly, lower quality car.agree|100%|the cts|$38k|the door|'s|a  bmw  sedan|i|the $6k|the return|you|the bimmer|ed|the difference|the return|that point|comparison|the class|vehicle|you|i|someone cross-shopping bmw|caddy|this|the point|more likely cts|lincoln|.regards|ow",38k
jtla,10-Jul," sorry, but as much as i like the  nissan , it does not belong to this discussion. first and foremost, nissan is not considered a luxury brand. secondly,  nissan  comes in fwd drivetrain with cvt transmission -- not a performance/sport sedan in my book. ",2010-07-01,i|the  nissan|it|this discussion|nissan|a luxury brand|nissan|fwd|cvt transmission|not a performance/sport sedan|my book,
gooddeal2,11-Jun," it's $27k even for a  toyota  v6 xle (no options, either) - no incentives, ever. you should be able to get a base v6 xle for about 25k. you can get a loaded xle v6 w/ nav., smart key, dvd... for 27.5k here without negotiation. you should be able to get it a lot cheaper toward the end of the year.people can also get  a base  toyota  for about 16k as well. ",2011-06-01,it|a  toyota  v6 xle|(no options|no incentives|you|a base v6 xle|you|a loaded xle v6 w/ nav|dvd|negotiation|you|it|the end|the year.people|a base  toyota,27k | v6 | v6 | 25k | v6 | 16k
scottm123,07-Aug, just make sure it's fun for your daughter. they have a way of remembering bad times after they grow up! my daughter loves taking rides in my car.i should put some leather conditioner on the bottom of her socks.she loves putting her feet on the seat... hence the no shoe rule... so i could get some cleaning done at the same time. :p ,2007-08-01,it|fun|your daughter|they|a way|bad times|they|my daughter|rides|my car.i|some leather conditioner|the bottom|her|socks.she|her feet|the seat|i|some cleaning|the same time|:p,
kdshapiro,11-Jun," ...the  infiniti   dodge  has almost the same exact options as a  toyota  v6....if one lives in the northeast, rwd is not a bargain, so one would be looking for a  infiniti x, at least i would. there is a $10,000 difference between a  infiniti x and a  toyota  with the same options. you can't even get the same options on a  infiniti  as are available on a  toyota .i would rather drive the  toyota  in ny based on the last two winters than the  infiniti  with rwd. ",2011-06-01,"the  infiniti   dodge|almost the same exact options|a  toyota  v6|the northeast|rwd|a bargain|one|a  infiniti x|i|a $10,000 difference|a  infiniti x|a  toyota|the same options|you|the same options|a  infiniti|a  toyota .i|the  toyota|ny|the last two winters|the  infiniti|rwd",v6
edwardsf,07-Apr," great post. thanks. my adrenalin has mainly come from riding 30 mph down a rocky singletrack on a 23 lb. vehicle that is definitely on the edge of control. so i can sort of understand the concept. i pushed my saab pretty hard but rarely would it be skidding and that does make me un toyota able. perhaps if i went to the track and did a course, i would have a greater appreciation and  toyota  with having 4 wheels drift. i do know that i drive harder in country roads than anyone i know, so i would guess that 99% of the drivers - even of ellps - do not drive their  car  like you do. a question. don't awd  car  have limits too? when i test drove the other day, i fishtailed the  audi  a tiny bit coming out of a 10 mph loop. ",2007-04-01,great post|thanks|my adrenalin|30 mph|a rocky singletrack|a 23 lb. vehicle|that|the edge|control|i|the concept|i|my saab|it|that|me|un|toyota|i|the track|a course|i|a greater appreciation|toyota|4 wheels drift|i|i|country roads|anyone|i|i|99%|the drivers|ellps|their  car|you|a question|car|limits|i|i|the  audi|a 10 mph loop,
blueguydotcom,07-Jan, sorry. i suffer from strong opinions.  ,2007-01-01,i|strong opinions,
circlew,07-Jan, fixed...thanks! ,2007-01-01,,
joe131,07-Mar," no hab, you don't get off so easy. first of all, the forum here is about new ellps for sale now, not comparisons of 3 year old  car  which could be purchased now.second, here is your original quote back to which i refer:  ""  kia hyundai ...a cts is expected to depreciate more than $22k over the first 3 yrs. my tl has depreciated less than $9k over that time...  ""  kia hyundai ..$9000 depreciation for your tl.?$22,000+ for the cts.?where the heck did you get your figures for that post? those are the ones that sound so ridiculous to me.and yes i realize the tl at a target purchase price of $36,504 has a few things the $31,302 cts does not. namely, navigation, moonroof, electric passenger seat, and fancy radio. if you ad those things, except for the passenger seat the target price for cts becomes $36,453, but with no big change in 5 year ownership costs. and, at that price the cts has some equipment that the tl does not. but hey, they are neither both apples nor both oranges; they're not identical  car  so each has some traits the other does not, like which wheels are driven and engine torque at lower rpms. big deal!admit it, your $9k/$22k+ figures were your own wild opinion based on your own imagination, not substantiated by any published data.third, the cts-v is a much more powerful performance car which will blow your tame, though refined tl out of the water in all high performance tests possible, as well it should with a target price of $48757. ",2007-03-01,"you|all|the forum|new ellps|sale|not comparisons|3 year old  car|which|now.second|your original quote|which|i|""  kia hyundai|a cts|the first 3 yrs|my tl|that time|""  kia hyundai|$9000 depreciation|the heck|you|your figures|that post|those|the ones|that|me.and|i|the tl|a target purchase price|a few things|the $31,302 cts|namely, navigation|moonroof|electric passenger seat|fancy radio|you|those things|the passenger seat|the target price|cts|no big change|5 year ownership costs|that price|the cts|some equipment|that|the tl|they|neither both apples|both oranges|they|identical  car|each|some traits|which|wheels|engine torque|lower rpms|it|your $9k/$22k+ figures|your own wild opinion|your own imagination|any published data.third|the cts|v|a much more powerful performance car|which|your tame|tl|the water|it|a target price",22k | 22k
brightness04,07-Apr," the vette ride quality improved d dodge aticly too in those 20 years. the new vette is actually quite a smooth ride on highways. imho, the difference tex mentioned in vette vs. 3 series is that:1. just like mariner mentioned, vette hasn't changed much in vehicle size whereas the 3 series today is bigger than 5 series of 20 years ago. in fact, the wheelbase of today's 3 series is nearly half a foot longer than the wheelbase of 5 series of 20 years ago. the europeans are finally making american sized  car  because they are no longer facing material shortage (relative to labor) like they did decades ago. the european/british sportscar tradition was literally born of a necessity after wwii when they had little natural resources but a lot of mouths to feed; they had to make something to trade for food import, turning import steel to  car  was one of the solutions. that's why the value to weight ratio of those  car  had to be high (becaue much of the raw material for buildings  car  had to be im toyota d too); hence very small  car  at relatively high price, and   ""  kia hyundai sportiness  ""  kia hyundai  was sold those  car .2. vette is a technological and engineering tour-de-force. everything is tried to save an ounce here and an ounce there. i'm not even sure if gm makes any money on making vette; it's the halo car for the company. on the other hand, 3 series is the main source of income for bmw. bean-counting decisions have to be made for such a bread-and-butter car (for bmw). for example, making the body shell out of aluminum or fiber/graphite composite material instead of good old heavy steel sheet metal is simply out of question for the regular 3 series. ",2007-04-01,"the vette ride quality|d dodge|those 20 years|the new vette|quite a smooth ride|highways|imho|the difference|tex|vette|3 series|that:1|mariner|vette|vehicle size|the 3 series|bigger than 5 series|fact|the wheelbase|today's 3 series|the wheelbase|5 series|the europeans|american sized  car|they|material shortage|labor|they|the european/british sportscar tradition|a necessity|wwii|they|little natural resources|mouths|they|something|food import|import steel|car|the solutions|that|the value|weight ratio|those  car|the raw material|buildings  car|i|toyota d|hence very small  car|relatively high price|""  kia hyundai sportiness|""  kia hyundai|those  car|.2|vette|a technological and engineering tour-de|-|force|everything|an ounce|an ounce|i|gm|any money|vette|it|the halo car|the company|the other hand|3 series|the main source|income|bmw|bean-counting decisions|such a bread-and-butter car|bmw|example|the body|aluminum or fiber/graphite composite material|good old heavy steel sheet metal|question|the regular 3 series",3 series | 3 series | 5 series | 3 series | 5 series | 3 series | 3 series
laurasdada,10-Sep," i lived (left ct many moons ago) just off the merritt, but would go out of my way to drive it over 95. no commercial traffic, beauty (interesting bridges), curves and undulations, just a nice drive! exit 41, how i miss ye!i'm sure my '05 tl would agree. anyone here old enough to remember the greenwich tolls on the merritt? ",2010-09-01,i|many moons|the merritt|my way|it|no commercial traffic|beauty|interesting bridges|curves|undulations|just a nice drive|exit|i|ye!i'm|05 tl|anyone|the greenwich tolls|the merritt,
smarty666,11-Oct," there really is no subcategories of this class, such as premium, performance, etc. this category is made up of all the entry-level luxury offerings of the luxury manufacturers which are the vehicles edmunds has l toyota ed here, they just titled the thread wrong. it should be just entry-level luxury  sedan , which the  acura  falls into. ",2011-10-01,no subcategories|this class|premium|performance|this category|all the entry-level luxury offerings|the luxury manufacturers|which|the vehicles|l toyota ed|they|the thread|it|just entry-level luxury  sedan|which|the  acura,
fedlawman,06-Nov," that must be after the $5,000 factory to dealer incentive. $32,000 is a really good deal on what is undeniably a solid, awd entry-level luxury performance sedan.one of the nice things about volvo's (like bmw's) is the aftermarket support. there are plenty of speed parts (springs, shocks, sway bars, chips, etc.) to make these  car  into real wolves in sheep clothing.good find plekto! ",2006-11-01,"that|the $5,000 factory|to dealer incentive|a really good deal|what|a solid, awd entry-level luxury performance|the nice things|volvo|bmw|the aftermarket support|plenty|speed parts|springs|shocks|sway bars|chips|these  car|real wolves|sheep clothing.good|plekto",
frisconick,07-Mar," i agree, if a car does not look good to me, it is off my l toyota  automatically. ",2007-03-01,i|a car|me|it,
blueguydotcom,07-Feb, so the new 08' cts isn't a good enough ellps car to be added to the future shopping l toyota  ????not in my household. ,2007-02-01,the new 08' cts|ellps car|the future shopping l toyota|my household,
qbrozen,11-Aug," bmw 330: did you drive a used one? cause the 330 isn't made anymore. volvo : ford parts? i don't know who told you that, but it is not true. the only thing ford/volvo shared were basic platforms, and even those were not   ""  kia hyundai ford products  ""  kia hyundai  since they were jointly developed. there are no shared engines at all. volvo always continued making their  car  in sweden with their own engineering. under their new chinese owners, that continues to be the case for now, too. ",2011-08-01,"you|volvo|ford parts|i|who|you|that|it|the only thing ford/volvo|basic platforms|even those|""  kia hyundai ford products|""  kia hyundai|they|no shared engines|volvo|their  car|sweden|their own engineering|their new chinese owners|that|the case",
yjbeach,08-Jun," does anyone in here have a friend with an audi. they have serious electircal  problem  and people that say that it is fixed are wrong. i can't say how the rest of the usa is but in the md, dc, va area that problem still happens. my friend just purchased an  audi  avant and with less than 10k miles the ac has already been repaired 3 times. his dashboard is lit up like an xmas tree.my other friends with  audi s' have had smiliar  problem  from years 03' until 07'.go with the is. ",2008-06-01,anyone|a friend|an audi|they|serious electircal  problem|people|that|it|i|the rest|the usa|the md|dc|va area|that problem|my friend|an  audi  avant|10k miles|the ac|his dashboard|an xmas tree.my other friends|audi s|smiliar  problem|years|07'.go|the is,10k
hauss,07-Mar, when you mention the  audi 's driving feel are you referring to the  audi  version? because i see a lot of those on the road here in atlanta and most of them are the fwd 2.0t version. i've driven that car and it does not handle as well as a tl in my opinion. ,2007-03-01,you|the  audi 's driving feel|you|the  audi  version|i|a lot|those|the road|atlanta|them|the fwd 2.0t version|i|that car|it|a tl|my opinion,
blueguydotcom,06-Nov, volvo is wholly owned by ford. saab by gm. ,2006-11-01,volvo|ford|saab|gm,
billyperksii,11-Sep, i appointed myself. ,2011-09-01,i|myself,
kdshapiro,10-Feb," absolutely correct. some of the  car  we've been discussing aren't quite elps either. but you can almost make the case if one can include a loaded 335, one can almost include a boxster. ",2010-02-01,some|the  car|we|quite elps|you|the case|one|one|a boxster,
pat,07-Jan," isn't gas cheaper than california everywhere, at least in the states?  ",2007-01-01,california|the states,
roadburner,10-May," no us spec bmw engine has used a timing belt since late 1991. the cooling system is the only major issue. most owners practice preventative maintenance and replace the water pump, thermostat, and radiator at @100k miles. my indie shop charged me @$1000 to do the work on my wife's  bmw  back in 2005(it's an easy afternoon diy job but it was the middle of winter and my wife needed the car pronto). i bought a set of winter tires/wheels and changed them out myself in november and march; the car had no trouble in any sort of winter weather. there's a great e39 group non yahoo as well as several websites dedicated to the e39. it is just a fantastic car. as a matter of fact, i'm considering picking up a low-mileage e39  bmw  for a daily driver/track toy. ",2010-05-01,no us spec bmw engine|a timing belt|the cooling system|the only major issue|most owners|preventative maintenance|the water pump|radiator|@100k miles|my indie shop|me|@$1000|the work|my wife's  bmw|an easy afternoon diy job|it|the middle|winter|my wife|the car|i|a set|winter tires/wheels|them|november|march|the car|no trouble|any sort|winter weather|a great e39 group|non yahoo|several websites|the e39|it|just a fantastic car|a matter|fact|i|a low-mileage e39  bmw|a daily driver/track toy,100k | e39 | e39 | e39
blueguydotcom,06-Dec, why would someone want a digital compass? what's the point? why is this so important to you? ditto homelink. a garage door opener achieves everything homelink accomplishes. ,2006-12-01,someone|a digital compass|what|the point|this|you|ditto homelink|a garage door opener|everything homelink,
mariner7,07-Mar," see a lot of porsches, ferraris, maserati in manhattan also. lot of poseurs out there driving very expensive and sport  car  in 5 mph traffic. who's kidding whom? that's exactly what porsche, ferrari et al want! that's how they sell so many  car  and make so much money! that's one main reason why ferrari is in formula 1, to sell sex appeal.if every ferrari driver has to pass a michael schumacher test, ferrari would be a fraction of its current size. bmw knows most  bmw  drivers can't be trusted to use even half its full power, and yet every new  bmw  has even more power! ",2007-03-01,a lot|porsches|maserati|manhattan|lot|poseurs|sport  car|5 mph traffic|who|whom|that|exactly what|porsche|ferrari|that|they|so many  car|so much money|that|one main reason|ferrari|formula|every ferrari driver|a michael schumacher test|ferrari|a fraction|its current size|bmw|most  bmw  drivers|even half its full power|every new  bmw|even more power,
louiswei,06-Oct," another example of hp isn't everything:  honda engine: 3.2l v6 :surprise: horsepower: 290 @ 7100 rpm torque: 224 @ 5500 rpm :surprise: 0-60: 4.9 secthe reality is, not many people are willing to pay big bucks for a caddy but a lot of them would do that for a bmw. like it or not, it's the truth. until the cts can prove that it's the class leader in both performance (note: not just hp) and luxury it'll just be an also-ran in the many comparos to come.by the way, why are we talking about the cts-v,  bmw  and  bmw  in this forum anyway? also, why are we comparing cts-v to  bmw ? the bottom line is, you can get a  bmw  for less than 40k (yes, fake leather i know but the 300hp twin turbo comes standard) but you can't do that with cts-v. the last time i checked, cts-v started at $52k and that's around where the  bmw  tops off. ",2006-10-01,another example|hp|everything|:  honda engine|3.2l v6|surprise|horsepower|rpm torque|224 @ 5500 rpm|surprise|4.9 secthe reality|not many people|big bucks|a caddy|a lot|them|that|a bmw|it|it|the truth|the cts|it|the class leader|both performance|it|an also-ran|the many comparos|come.by|we|the cts|v|this forum|we|cts|v|bmw|the bottom line|you|a  bmw|40k|i|the 300hp twin turbo|you|that|cts|the last time|i|cts|$52k|that|the  bmw,v6 | 40k | 300hp | 52k
autoedu,06-Nov," my original message is in reference to the title of this thread   ""  kia hyundai entry level luxury performance sedan  ""  kia hyundai so when bmw is mentioned i refer to the  bmw , lexus to the is 250/350...etc. it is amusing, however, to see that my comment about bmw has turned the debate into 06 best-seller although i was trying to profile the buyer of each brand.it's no coincidence that the majority (more than 50%) of saab drivers are women. because women are more fashionably sensitive than men so to some they might feel that their individuality is  chevrolet ed plus it is fun and safe to drive a saab.on the other hand the majority of bmw drivers are men. again, because men crave more about handling and performance in a car than women. if you are fashionably sensitive, want to have fun and feel safe try a saabif you want a taste of scandanavian luxury, style, and safety try a volvoif you want to experience peformance and handling in a vehicle try a bmwa taste of american luxury? try a cadillacjust want luxury and recognition try a   mercedes-benz benz mercedes-benz benz mercedes-benz benz mercedes-benz benz  mercedes-benz benz mercedes-benz benz mercedes-benz benz mercedes-benz benz want to try something new or value conscious? try lexus/ infiniti/acuralooking for bmw alternative? try audi ",2006-11-01,"my original message|reference|the title|this thread|""  kia hyundai entry level luxury performance sedan|kia hyundai|bmw|i|the  bmw|250/350|it|my comment|bmw|the debate|06 best-seller|i|the buyer|each brand.it's no coincidence|the majority|more than 50%|saab drivers|women|women|men|some|they|their individuality|chevrolet ed|it|the majority|bmw drivers|men|men|handling|performance|a car|women|you|fun|a saabif|you|a taste|scandanavian luxury|style|safety|a volvoif|you|peformance|handling|a vehicle|a bmwa taste|american luxury|a cadillacjust|luxury|recognition|a   mercedes-benz benz mercedes-benz benz mercedes-benz benz mercedes-benz benz  mercedes-benz benz mercedes-benz benz mercedes-benz benz mercedes-benz benz|something|infiniti/acuralooking|bmw alternative|audi",
blueguydotcom,06-Nov," add the premium package just to get a freaking moonroof so the price is up around 34k. not a bad deal.but the massive discount off msrp is scary. why are they giving the car away?also, for 300 hp, the car is pretty darn slow. ",2006-11-01,the premium package|a freaking moonroof|the price|34k|not a bad deal.but the massive discount|msrp|they|the car|300 hp|the car,34k
rockylee,06-Oct," i disagree with you on this one pal.   ""  kia hyundai what else is new  ""  kia hyundai  :p j/kyou honestly don't look at  volkswagen  as a entry lux-brand like lets say a acura ? :surprise: i will be honest and say i'm a lil' bit surprised some would say that. :surprise: i guess when you see the wood interiors and the 3.6 putting out 280 hp. with zero to sixty in 5.9 secs. i guess i'd ask the question of what is a entry performance lux-sedan ? :confuse: i guess i look at  volkswagen , as a more upscale car than a  honda  or subaru. the spec b one could argue belongs couldn't they ???  so this isn't a luxury performance car either ? :surprise:http://www.autotrader.com/fyc/vdp.jsp?car_id=208060148&dealer_id=593623&car_year- =2005&search_type=both&num_records=25&make=volks&transmission=&model=phaeton&dis- tance=0&make2=&address=79029&advanced=&certified=&max_mileage=&max_price=&bkms=1- 160567820950&sort_type=pricedesc&min_price=&body_code=0&end_year=2007&color=&sta- rt_year=1981&drive=&engine=&fuel=&doors=&style_flag=1&card toyota =864rocky ",2006-10-01,"i|you|this one pal|""  kia hyundai|what|j|/|kyou|volkswagen|a entry lux-brand|lets|a acura|i|i|a lil|some|that|i|you|the wood interiors|280 hp|.|5.9 secs|i|i|the question|what|a entry performance|lux-sedan|i|i|volkswagen|a more upscale car|a  honda|subaru|the spec|they|this|a luxury performance car|surprise|http://www.autotrader.com|fyc|vdp.jsp?car_id=208060148&dealer_id=593623&car_year-|both&num_records=25&make|=|volks&transmission=&model|=|phaeton&dis-|tance=0&make2=&address=79029&advanced=&certified=&max_mileage=&max_price=&bkms=1-|=pricedesc&min_price=&body_code=0&end_year=2007&color=&sta- rt_year=1981&drive=&engine=&fuel=&doors=&style_flag=1&card|toyota|=",
kdshapiro,06-Oct, i liked the cts. pictures almost never do these interiors justice. ,2006-10-01,i|the cts|pictures|these interiors justice,
frisconick,07-Jan, how do you know i am not in japan? :p ,2007-01-01,you|i|japan|:p,
smarty666,10-Oct," again, you put words in their that i did not say. i did not say that  acura  sales were strong or really really good. all i  toyota d was that  acura  sales have not tanked and they haven't! here is some even better figures then sweens about the  acura : directly from acura media released on oct 1st based on sept and 2010 sales. sept 2010  2,256 sept 2009 2,103 percent change +7.3% ytd sept 2010  22,843 ytd sept 2009 21,300 percent change +7.7% ",2010-10-01,"you|words|their|that|i|i|acura  sales|i  toyota d|acura  sales|they|some even better figures|the  acura|acura media|oct 1st|2010 sales|2,256 sept 2009 2,103 percent change|+7.3%|ytd|ytd|2009 21,300 percent change +7.7%",
allargon,07-Mar," it was a bimmer salesguy that told me that. i kind of took it with a grain of salt for obvious reasons. he was right about the  audi 's back seat being small. actually, the front seat of the  audi  is the only car i've ever sat in that made me feel fat! i'm glad that the  audi  isn't a glorified  volkswagen . i will definitely withdraw the inference i made.the germans automakers really don't believe in synergies, do they?   mercedes-benz benz mercedes-benz benz mercedes-benz benz mercedes-benz benz  mercedes-benz benz mercedes-benz benz mercedes-benz benz mercedes-benz benz  doesn't want to share too much with chrysler, and bmw doesn't appear to care about lacking a mid-sized mass market sedan. i guess audi and lambo are the only ones that share.the e46's backseat isn't that bad. however, i won't call it spacious for anyone above 5'10  ""  kia hyundai . however the backseat headroom in the e90 door is just painful. (i bumped my head entering and exiting twice while sober with my buddy driving. i won't even mention the times after we started drinking simply because i can't remember them! :blush: ) your 6'3  ""  kia hyundai  friend can sit in the back of an e90 without complaining? is he like a contortion toyota  or something? i couldn't imagine being 6'3  ""  kia hyundai  and being  toyota able in the back of a cts or tl (best in this class).no road trips? blueguy, you are definitely californian! i love you for that. you remind me of all my friends in the bay area that thought i was nuts whenever i drove from mountain view to la. this was pre-9/11. they all  toyota d,   ""  kia hyundai there are planes for that.  ""  kia hyundai  lol. seriously, aren't we supposed to be enthusiasts here who love to drive? i remember taking my *cough* sport sedan (1994 pontiac  pontiac  se) down the 5 to la. highway cruising is definitely a different driving experience than going on the track or the tw toyota ies, but i wouldn't say it's not fun. blueguy, wouldn't you want to run your e46 through west texas hitting the electronic limiter just for fun? ",2007-03-01,"it|a bimmer salesguy|that|me|that|i|it|a grain|salt|obvious reasons|he|the  audi 's back seat|the front seat|the  audi|the only car|i|that|me|i|the  audi|a glorified  volkswagen|i|the inference|i made.the germans automakers|synergies|they|mercedes-benz benz mercedes-benz benz mercedes-benz benz mercedes-benz benz  mercedes-benz benz mercedes-benz benz mercedes-benz benz mercedes-benz benz|chrysler|bmw|a mid-sized mass market sedan|i|audi|lambo|the only ones|that|share.the e46's backseat|i|it|anyone|above 5'10  ""  kia hyundai|the backseat headroom|the e90 door|i|my head|my buddy driving|i|the times|we|i|them|blush|your 6'3  ""  kia hyundai  friend|the back|an e90|he|a contortion toyota|something|i|6'3  ""  kia hyundai|toyota|the back|a cts|tl|this class).no road trips|you|i|you|that|you|me|all my friends|the bay area|that|i|i|mountain view|la|this|pre-9/11|they|all  toyota d|planes|that|""  kia hyundai  lol|we|enthusiasts|who|i|my *cough* sport sedan|la|highway cruising|a different driving experience|the track|toyota|i|it|blueguy|you|your e46",e46 | e90 | e90 | e46
rockylee,07-Feb," okay, fair enough.......rocky ",2007-02-01,,
habitat1,07-Mar,"   ""  kia hyundai when this one ( pontiac 5x) hits 55k &#150; 60k, i&#146;ll begin my quest anew.  automobiles are something you&#146;ll own a series of throughout your life, they aren&#146;t a one and done.  ""  kia hyundai  well, just for a different perspective, if i had gone through (3) ellps from 1995 through 2005 at $35-$45k a pop, instead of milking my ultra-reliable $20k 1995  nissan  se for 155k+ miles, i would have had a tougher time justifying to myself the purchase of a 911. there are several ways to play the automotive game, from trade when the new car smell is gone, to drive them till they drop. but, at least as far as i can tell, buying  car  with below average relaiblity and then trading them before the warranty is up is not necessarily the best bang for the buck. i am quite sure that i have spent less than the average 3-4 year trader in  car  over the last 15 years, including my current stable. ",2007-03-01,this one|pontiac 5x|55k|i&#146;ll|my quest|automobiles|something|a series|your life|they|a one|a different perspective|i|my ultra-reliable $20k 1995  nissan  se|155k+ miles|i|a tougher time|myself|the purchase|several ways|the automotive game|trade|the new car smell|them|they|i|car|average relaiblity|them|the warranty|the best bang|the buck|i|i|the average 3-4 year trader|car|the last 15 years|my current stable,55k | 60k | 45k | 20k | 155k
cdnpinhead,06-Dec," i can't remember, blue. does your e90 have the sport package/ seat ? i think it does, in which case you'd find the standard  seat  even worse.i'm significantly bigger (6'2  ""  kia hyundai  & ~245), so hope i'll find the sports  seat  to be a goldilocks situation. ",2006-12-01,"i|your e90|the sport package/ seat|i|it|which case|you|the standard  seat|even worse.i'm|significantly bigger (6'2  ""  kia hyundai|~245|i|the sports  seat|a goldilocks situation",e90
roadburner,10-Sep," that works out to a little over $19 per month, or about 60 cents per day. i spend more than that on coffee. my 1995 3 series has 121,000 miles on it and the cost of scheduled maintenance and repairs(including four sets of summer/track ru toyota er) averages a bit under 5 cents per mile. as for my wife's 2004 x3 2.5, at 101,000 miles the sole unscheduled repair has been a bad passenger srs sensor- which was replaced under warranty. maintenance costs are again averaging @5 cents per mile, and that takes into account the fact that i change the oil and filter twice as often as the si system calls for. i better be looking for a good chapter 7 attorney... :p in contrast, my 2007  mazda peed 3 has 64,000 miles on it and it has needed a lf strut, a turbo dodge , and a vvt actuator- all before it hit 50,000 miles. ",2010-09-01,"that|month|about 60 cents|day|i|that|coffee|my 1995 3 series|121,000 miles|it|the cost|scheduled maintenance|four sets|5 cents|mile|my wife's 2004 x3|101,000 miles|the sole unscheduled repair|a bad passenger srs sensor-|which|warranty|maintenance costs|@5 cents|mile|that|account|the fact|i|the oil|the si system|i|a good chapter 7 attorney|contrast|my 2007  mazda peed|64,000 miles|it|it|a lf strut|a turbo dodge|a vvt|it|50,000 miles",3 series | x3
nyccarguy,07-Jan," pat, i think gas is cheaper everywhere else besides california & ny (a close 2nd).merc1, i've always loved the stunning good looks of the clk 430 especially with those 5 spoke amg wheels. my mom had a '98 clk 320 black/black (with the sort of cheesy looking wheels that looked good on the black car). my dad saw the car featured in autoweek in august of '97 and ran down the the dealership the next day (a saturday after work) to place his deposit. he's not that type at all, but was just in awe over the car's looks and had to have one. ",2007-01-01,i|gas|california|ny|i|the stunning good looks|those 5 spoke amg wheels|my mom|a '98 clk 320 black/black|the sort|cheesy looking wheels|that|the black car|my dad|the car|autoweek|august|the the dealership|work|his deposit|he|that type|awe|the car's looks,
tlong,10-Feb," i assert all of the vehicles are cheap to own for the first three years. actually, no. the depreciation costs in the first 3 years dwarf the maintenance costs in the out years. you just don't see those costs until you sell. ",2010-02-01,i|all|the vehicles|the first three years|the depreciation costs|the first 3 years|the maintenance costs|the out years|you|those costs|you,
texases,07-Aug, my worries confirmed...so much for reasonable back seat room...lexus did the same thing (low c pillar) to the new es...like they needed to make that look 'sporty' ,2007-08-01,my worries|reasonable back seat room|lexus|the same thing|low c pillar|the new es|they|that,
louiswei,07-Mar," we could always combine the is350 and is250 into one entryyeah, why's that both  bmw  and    mercedes-benz benz mercedes-benz benz mercedes-benz benz mercedes-benz benz  mercedes-benz benz mercedes-benz benz mercedes-benz benz mercedes-benz benz   has one entry but the is has 2? ",2007-03-01,we|the is350|one entryyeah|both  bmw|mercedes-benz benz mercedes-benz benz mercedes-benz benz mercedes-benz benz  mercedes-benz benz mercedes-benz benz mercedes-benz benz mercedes-benz benz|one entry|the,
circlew,07-Mar," shipo,i agree completely...after the ls, which i owned, lincoln is done with performance. perhaps in the future when they merge and reinvent the brand. lincoln is done with   ""  kia hyundai hot rod  ""  kia hyundai  status as far as i'm concerned.   ""  kia hyundai my pappy says,   ""  kia hyundai son, your gonna drive me to ...  ""  kia hyundai  the end.regards,ow ",2007-03-01,"i|the ls|which|i|lincoln|performance|the future|they|the brand|lincoln|""  kia hyundai hot rod  ""  kia hyundai  status|i|kia|my pappy|""  kia hyundai son|your gon|me|""  kia hyundai|the end.regards|ow",
quasiactuary,07-Mar,"   ""  kia hyundai suggest you test drive a jaguar x type sport wagon with awd. they're quick, and, handle very well. reliability is second only to lexus. leather, 3.0 v6, automatic, and awd is standard.  ""  kia hyundai what are you smoking? reliability is second only to lexus????  honda ing to consumerreports.com the x-type has by far the worst reliability in this segment...93% worse than average. a lot of what we talk about here is subjective, but this is not. you are wrong, x type reliability is awful, dreadful, second to everyone who makes a car in this segment. ",2007-03-01,"""  kia hyundai|you test|a jaguar x type|sport wagon|awd|they|reliability|leather|3.0 v6|what|you|reliability|honda|the x|-|type|the worst reliability|this segment|a lot|what|we|this|you|x type reliability|everyone|who|a car|this segment",v6
jtla,07-Jan," i have three little kids and a wife and i do not think it would be practical for me to fly to germany to buy a car.i have two little kids and a wife, but i am a newly convert to the ed prog dodge  believer (thanks to blueguydotcom's analysis). true, it cost a lot to bring a family to europe for travel. but if you are planning on a vacation anyway, then doing ed actually save you money on car rental. even if you are not planning on euro vacation any time soon, for your family just think of it as you going on a business trip. like blueguy's plan, fly to munich and back the same day, and save about $3k. not too sha toyota y for a day's work.just my 2 cents. ",2007-01-01,i|three little kids|a wife|i|it|me|germany|a car.i|two little kids|a wife|i|a newly convert|the ed prog dodge  believer|thanks|blueguydotcom's analysis|it|a lot|a family|europe|travel|you|a vacation|ed|you|money|car rental|you|euro vacation|your family|it|you|a business trip|blueguy's plan|munich|a day's work.just,
kdshapiro,06-Nov," rockylee,   ""  kia hyundai 2007 cadillac cts and cts-v  ""  kia hyundai  #2, 31 oct 2005 7:45 pmbtw i notice you have been predicting the demise of the 3 series for about 1+ years now. hasn't happened yet, much to your chagrin, i'm sure. ",2006-11-01,rockylee|kia hyundai 2007 cadillac cts|cts|kia hyundai|i|you|the demise|the 3 series|about 1+ years|your chagrin|i,3 series
qbrozen,06-Nov," manual transmission as standard equipment suspension tuning with an emphasis on handling over ride quality driver-oriented interior smaller size - ideally a compact but that's getting tougher to find. rwd preferable, with fwd as passable and awd if one really must.  i would add: price range between 30-45k no   ""  kia hyundai supped up  ""  kia hyundai   car  like the m, amg, v, s (4,6 or 8) or r 220hp + luxury nameplate size- should fit 4 adults  toyota ably (and yes you can fit 2 adults in the backseat of a  bmw  or is) ok. now we are finally getting somewhere. getting closer, anyway.my only problem here is that the r fits the pricerange, so i think it qualifies. i would not exclude any special supped up model as long as it fits the price requirement. one small amendment, though. i think up to $40k should be plenty for   ""  kia hyundai entry-level.  ""  kia hyundai  and i'm talking msrp! i hate when people start with the   ""  kia hyundai well, with the $10k rebate and my special secret friend's discount ...  ""  kia hyundai  uh-uh. there is only one verifiable price and that's the msrp. ",2006-11-01,"manual transmission|standard equipment suspension tuning|an emphasis|ride quality driver-oriented interior smaller size|that|rwd|fwd|awd|i|price range|30-45k|no   ""  kia hyundai|""  kia hyundai   car|amg|s|8)|r 220hp + luxury nameplate|4 adults  toyota|you|2 adults|the backseat|a  bmw|ok|we|anyway.my only problem|the r|the pricerange|i|it|i|any special supped up model|it|the price requirement|one small amendment|i|$40k|""  kia hyundai entry-level|""  kia hyundai|i|msrp|i|people|the $10k rebate|my special secret friend's discount|only one verifiable price|that|the msrp",45k | 220hp | 40k | 10k
circlew,07-May," regards,ow ",2007-05-01,regards,
2233,11-Aug," i understood your logic sir but i guess i consider the qualities of tires way more important than license plates, tinting, or a windshield wiper.i never had a car with run flats and i don't think i ever will until there are substantial improvements in them.some people really like them so that's what is nice about these forums. everyone can l toyota  the pros and cons and one can make their own decision. ",2011-08-01,i|your logic|i|i|the qualities|tires|license plates|tinting|a windshield|a car|run flats|i|i|substantial improvements|them.some people|them|that|what|these forums|everyone|cons|one|their own decision,
irvine555,08-Mar," i'm looking to buy a tl at the end of the year. i know by then the '09s will be out. how much of a price drop do yall think they will have on the 08 models (especially since they'll be 3rd generation unlike the 09's). also do yall think with the new options on the '09 models that are being discussed on this forum (awd and more horsepower) it's worth it to get an '09 or just get the '08.p.s.---i live in louisiana so front wheel drive is not a problem (we don't see snow but every 10 years, lol). also do yall think its worth it to get the s-type since its just a few thousand more than the basic one with the nav. system.thanks so much ",2008-03-01,i|a tl|the end|the year|i|a price drop|y|all|they|the 08 models|they|3rd generation|y|all|the new options|the '09 models|that|this forum|awd|more horsepower|it|louisiana|so front wheel drive|a problem|we|snow|y|all|its worth|it|the s|-|type|the nav|system.thanks,09s
roadburner,10-Sep," like it or don't, believe it or not, many-many of us have owned and driven  bmw  for many tens (and even hundreds) of thousands of miles with nor or very minimal issues.don't spoil their fun, they need those urban  acura s to justify their   ""  kia hyundai sour grapes  ""  kia hyundai  attitude... ",2010-09-01,"it|it|us|bmw|many tens|even hundreds|thousands|miles|their fun|they|those urban  acura|their   ""  kia hyundai sour grapes|""  kia hyundai  attitude",
dhamilton,07-Jan, me in as a manual jerk.and a jerk ,2007-01-01,me|a manual|a jerk,
pv2,07-Jul, i think a bigger factor in heat is the black interior; not the aluminum trim. my prior car was a 2003 cl-s with black interior and there's a noticeable improvement with the lighter interior on my 2007 tl-s. no noticeable heat on the carbon fiber or silver interior trim. you might want to try a front window shade if it's parked in the sun. ,2007-07-01,i|a bigger factor|heat|the black interior|my prior car|a 2003 cl-s|black interior|a noticeable improvement|the lighter interior|my 2007 tl-s.|no noticeable heat|the carbon fiber|silver interior trim|you|a front window shade|it|the sun,
joe131,06-Dec," nope.tire tread wear ratings are only useful when comparing tires made by the same manufacturer. a 400 rating in one brand may wear out sooner than a 300 rating of another brand.http://www.discounttire.com/dtcs/infotreadwear.dos puts it like this:the treadwear grade is a comparative rating based on the wear of a tire when tested carefully under controlled conditions. for example, a tire graded 400 should have its useful tread last twice as long as a tire graded 200. another tire manufacturer, however, may grade a comparable design 300, so a grade of 150 would last just half as long under their grading scheme. the lesson learned is to not use one manufacturer's grade versus the other, but instead to compare tire grades within a given brand. ",2006-12-01,nope.tire tread wear ratings|tires|the same manufacturer|a 400 rating|one brand|a 300 rating|another brand.http://www.discounttire.com/dtcs/infotreadwear.dos|it|this|the treadwear grade|a comparative rating|the wear|a tire|controlled conditions|example|a tire|its useful tread|a tire|another tire manufacturer|a comparable design|a grade|their grading scheme|the lesson|one manufacturer's grade|tire grades|a given brand,
kdshapiro,07-Sep,"   ""  kia hyundai i think without the   ""  kia hyundai buy american  ""  kia hyundai  loyalty,  ""  kia hyundai i clearly have a buy american loyalty and would if:1. i could find a product that was made, designed and built 100% in america by americans, in companies headquartered in america (not saying companies can't import raw materials not found in the us)2. product is as good and hopefully better as non-american products,3. cost is competitive.in general, sadly the   ""  kia hyundai made in america  ""  kia hyundai  moniker has been reduced to meaning the   ""  kia hyundai made in america  ""  kia hyundai  stamp is stamped in america. ",2007-09-01,"i|""  kia hyundai|american|""  kia hyundai  loyalty|i|a buy american loyalty|i|a product|that|100%|america|americans|companies|america|companies|raw materials|the us)2|product|non-american products,3|cost|the   ""  kia hyundai|america|kia hyundai  moniker|america|america",
louiswei,08-Apr," i don't have any preference either, as long as a 6-banger gives me 300+ hp then i am good. i prefer na but i'll take an almost-turbo-lag-less twin turbo 6 as well. ",2008-04-01,i|any preference|a 6-banger|me|i|i|i|an almost-turbo-lag-less twin turbo,
dunde71,06-Oct," i am surprised now most of the upscale/near luxury  sedan  do not have a full size spare option. if one happens to do lot of long drives (which i do) and have a flat on the highway during a weekend then good luck finding an auto repair shop on a sunday. besides even on a weekday its a hassel getting off the highway and get it fixed. it screws up your plans. its like an air bag .. hopefully the need does not arise to use it but if you get into an accident then it better be there. i have had a flat tire on the highway and i realized how handy the full size spare was. replaced it and i was on my way. i looked at the acura tl/rl, lexus gs300/350, infiniti  bmw 5 and none of them have a full-size spare option. its hard for me to think of buying a 40k car and not having a full size spare ... which is something so basic. i do not understand why auto-makers are doing this. any thoughts ??? ",2006-10-01,i|the upscale/near luxury  sedan|a full size spare option|lot|long drives|which|i|the highway|a weekend|good luck|an auto repair shop|a sunday|a weekday|its a hassel|the highway|it|it|your plans|its|an air bag|the need|it|you|an accident|it|i|a flat tire|the highway|i|the full size|it|i|my way|i|the acura|tl/rl|lexus gs300/350|infiniti  bmw|none|them|a full-size spare option|its hard|me|a 40k car|a full size|which|something|i|auto-makers|this|any thoughts,40k
cdnpinhead,06-Oct, helpful review.thanks. ,2006-10-01,helpful review.thanks,
150mphclub,07-Sep, i am with you sevenfeet. i sometimes drive 700 miles in a day. the cts and the  bmw 5 are the only two  car  on your l toyota  that would not have me squirming in dis toyota  for the last 100 miles. the bmw 3 would have me screaming in agony for that last 100. ,2007-09-01,i|you|i|700 miles|a day|the cts|the  bmw|the only two  car|your l toyota|that|me|dis toyota|the last 100 miles|the bmw|me|agony,
blueguydotcom,07-Jan, thank god my fiancee can drive stick. i suggested gettinng dsg on my next car for her. she promptly drove my 330i manual for the rest of the day and told me she may own two automatics but she can do manual if pressed.two best reasons to pick the manual:1. cheaper at purchase2. cheaper to repair - thousands cheaper. a bad tranny today costs 4-6k to repair. a bad manual - less than 1000. ,2007-01-01,god|my fiancee|stick|i|gettinng dsg|my next car|her|she|my 330i manual|the rest|the day|me|she|two automatics|she|manual|pressed.two best reasons|the manual:1|.|purchase2|thousands|a bad tranny|today|4-6k|a bad manual,330i
kdshapiro,06-Nov," the guildeline seems to be the manufacturer builds luxury  car , ultra-luxury and exotics are excluded. the high-end sedan  volvo  does not compete with high-end offerings from bmw,   mercedes-benz benz mercedes-benz benz mercedes-benz benz mercedes-benz benz  mercedes-benz benz mercedes-benz benz mercedes-benz benz mercedes-benz benz  and lexus although, you could argue it competes with the rl and the m45. having  toyota d that you can compare the options of the  volvo  with the rl and m45. for 300 hp it's a lot more expensive than then 335, which is not a luxury vehicle. if the  volvo  is included in the group, it is the most expensive vehicle here and the top of the line for volvo, while these other  car  are the bottom of the line for the other manufacturers.i don't think anyone will seriously compare the  volvo  against the 550, at least in terms of performance. maybe the  volvo  compares against the new 2008 600hp ctsv? ",2006-11-01,the guildeline|the manufacturer|luxury  car|-|luxury|exotics|the high-end sedan  volvo|high-end offerings|bmw|mercedes-benz benz|mercedes-benz benz|you|it|the rl|the m45|toyota d|you|the options|the  volvo|the rl|m45|it|which|a luxury vehicle|the  volvo|the group|it|the most expensive vehicle|the top|the line|volvo|these other  car|the bottom|the line|the other manufacturers.i|anyone|the  volvo|terms|performance|the  volvo|the new 2008 600hp ctsv,m45 | m45 | 600hp
louiswei,07-Jan," hey joe, why don't you create a new discussion with the title being: all boarder line candidates left out of the ellps board. i am pretty sure some of us will be glad to join you there. ",2007-01-01,you|a new discussion|all boarder line candidates|the ellps board|i|some|us|you,
plekto,07-Feb," that has to go to the volvo 70 series. iirc, it's the only dolby digital certified sound system in any car.not a bad car, either. ",2007-02-01,that|the volvo 70 series|it|the only dolby digital certified sound system|any car.not|a bad car,70 series
louiswei,06-Dec," oh well, one for the lexus crowdhaha, it's about time...i know the is350 wouldn't stand a chance if it goes head-to-head with the  bmw . however, it's good to know that at least one major car magazine thinks that it's the best japanese has yet to offer. i haven't read the article yet (will tomorrow) but i think  pontiac 5 will come up on top if they are considering   ""  kia hyundai performance  ""  kia hyundai  alone. however, i believe it's is350's overall package wins over the reviewers' votes.for those whom have read the article, please correct me if i am wrong. ",2006-12-01,"the lexus crowdhaha|it|time|i|the is350|a chance|it|head|the  bmw|it|at least one major car magazine|it|the best japanese|i|the article|i|pontiac|top|they|""  kia hyundai performance|""  kia hyundai|i|it|is350's overall package|the reviewers|those|whom|the article|me|i",
blueguydotcom,07-Oct, people chip leased  car  all the time. in fact it makes more sense to chip a leased car as you needn't worry about any long term damage. by the time it shows up it's someone else's problem. leased car = drive it like you stole it. ,2007-10-01,people chip|car|fact|it|more sense|a leased car|you|any long term damage|the time|it|it|someone else's problem|leased car|it|you|it,
habitat1,07-Jun," the  infiniti  coupe has a 112  ""  kia hyundai  wheelbase and weighs #3800 lbs! if you want a slushbox too, you might as well buy a crown vic. lol! remember the  infiniti  coupe is from the same obese nissan engineers that brought you the 350z   ""  kia hyundai roadster  ""  kia hyundai  that weighs roughly the same as an s2000 or boxster - with a 700 lb water buffalo sitting in the passenger seat. :surprise: the 3,770 lb  infiniti  coupe splits the difference between two of my previous vehicles: my 3,001 lb 5-passenger 1995  nissan  se and my former 4,300 lb isuzu trooper suv. no wait, i'm wrong. the  infiniti  is closer to the trooper. :confuse: ",2007-06-01,"the  infiniti  coupe|a 112  ""  kia hyundai  wheelbase|#3800 lbs|you|a slushbox|you|a crown vic|the  infiniti  coupe|the same obese nissan engineers|that|you|the 350z   ""  kia hyundai roadster  ""  kia hyundai|that|an s2000|boxster|a 700 lb water buffalo|the passenger seat|:surprise|the 3,770 lb  infiniti  coupe|the difference|my previous vehicles|my 3,001 lb 5-passenger 1995  nissan  se|my former 4,300 lb isuzu trooper suv|i|the  infiniti|the trooper|:confuse",350z
nyccarguy,11-Sep, leather is softer & breathes. leatherette is extremely durable. ,2011-09-01,leather|leatherette,
habitat1,06-Oct," .. are  bmw 's,  bmw 's and some hypothetical/hopeful 2008 cts-v entry level luxury performance  sedan ??...and since when would anyone with any sense of good taste and financial wherewithall buy any gm car over an  bmw / bmw  just because of 0-60 straight line performance? ",2006-10-01,"bmw 's,  bmw 's and some hypothetical/hopeful 2008 cts-v entry level luxury performance  sedan|anyone|any sense|good taste|financial wherewithall|any gm car|an  bmw / bmw|0-60 straight line performance",
jimbres,10-Feb,"  it's no secret i love  bmw , but if i get the car i love, it's nice to have $0 maintenance for four years. in today's economy even the super-rich worry about their dollars.i love  bmw  too - i own one - but i don't think that bmw's   ""  kia hyundai ultimate service  ""  kia hyundai  (their name) prog dodge  will influence my decision when the time comes to replace my car (probably next year).it might be a tie-breaker for me if i had to choose between a bmw  bmw  & a comparably priced car from audi or   mercedes-benz benz mercedes-benz benz mercedes-benz benz mercedes-benz benz  mercedes-benz benz mercedes-benz benz mercedes-benz benz mercedes-benz benz . but i don't particularly like   mercedes-benz benz mercedes-benz benz mercedes-benz benz mercedes-benz benz  mercedes-benz benz mercedes-benz benz mercedes-benz benz mercedes-benz benz  & having owned one audi, which was nothing short of horrific, i'll probably never buy another.it's much more likely that the final decision will come down to a bmw  bmw  versus an infiniti g. and the price gap between the 2  car  is so great that the amount of money that   ""  kia hyundai ultimate service  ""  kia hyundai  would save me - $649.40 over 4 years  honda ing to bmw's web site - is just laughably trivial.that doesn't mean that i might not buy another bmw, but it does mean that   ""  kia hyundai ultimate service  ""  kia hyundai  won't be a factor in my thinking. ",2010-02-01,"it|no secret|i|bmw|i|the car|i|it|$0 maintenance|four years|today's economy|even the super-rich worry|their dollars.i love  bmw|i|i|their name|my decision|the time|my car|year).it|a tie-breaker|me|i|a bmw  bmw|a comparably priced car|audi or   mercedes-benz benz mercedes-benz benz mercedes-benz benz mercedes-benz benz  mercedes-benz benz mercedes-benz benz mercedes-benz benz mercedes-benz benz|i|mercedes-benz benz|one audi|which|nothing|i|another.it|the final decision|a bmw  bmw|an infiniti g.|the price gap|the 2  car|the amount|money|that|""  kia hyundai ultimate service  ""  kia hyundai|me|$649.40 over 4 years  honda|bmw's web site|trivial.that|i|another bmw|it|""  kia hyundai ultimate service|""  kia hyundai|a factor|my thinking",
wale_bate1,07-Mar," ever since the arrival of the  ford  americans have fallen in love with the wagon all over again. they just don't want to admit it...if we leave  audi  out of the mix here, imo, we leave out a fairly influential player in the ellp game. certainly it's caused more than a few mfrs to reconsider their offerings' potentials here... ",2007-03-01,the arrival|the  ford  americans|love|the wagon|they|it|we|audi|the mix|we|a fairly influential player|the ellp game|it|more than a few mfrs|their offerings' potentials,
piason,07-Jan, has anyone found the crash results on the 2006/2007 is250? ,2007-01-01,anyone|the crash results|the 2006/2007 is250,
ontop,07-Jan," interest is miunte on a car loan? huh? run an amortization schedule and relook at that assertion. maybe in the later years of a loan, but the first year is a bunch of interest.leasing almost always sucks unless you get great incentives to take the plunge. ",2007-01-01,interest|miunte|a car loan|huh|an amortization schedule|that assertion|the later years|a loan|the first year|a bunch|interest.leasing|you|great incentives|the plunge,
